cluster_id,stable_run_count,total_duration_minutes,mean_speed,mean_load,mean_pressure,mean_front_temp,mean_rear_temp,mean_temperature_spread,mean_pressure_per_rpm,mean_load_per_pressure,mean_pressure_to_temperature,mean_front_rear_temp_gap
1,1,4.0,79.14000094000001,52.000000019999995,297.5799988,174.13199952,174.42666676666664,6.739999399999999,3.760339973856376,0.17499666904821665,1.707512805371604,-0.2946672466666769
2,69,4577.883333333333,94.7870110378709,61.96095084554701,383.43823855656893,173.92154998372754,174.67594799634838,7.355023719726767,4.048355310674796,0.16161648681707985,2.199471078680162,-0.7543980126208203
3,122,6918.366666666667,105.32470603232304,68.86348859308521,389.99957933558096,172.99486080470098,174.82163524002232,7.461424102714032,3.7054090101526236,0.1766037038894941,2.2414899260075485,-1.826774435321324
4,50,5155.2,108.1789917746357,70.73583751720297,373.60678387453686,173.97516708668604,174.65174036696027,7.381239040511321,3.4561631874616454,0.1894062015759592,2.1429142150324334,-0.6765732802742321
5,37,2426.483333333333,109.57747210832991,71.64618224577123,369.59729143808215,172.98860150091414,174.85892541125278,7.499131519910804,3.3786011962072418,0.19394792922796697,2.1240154459119664,-1.8703239103386404
6,2,9.016666666666666,122.81499903333334,80.02333373333335,359.400001,173.53466729666667,175.16444447777778,8.723332733333333,2.9312892658191063,0.22293328804361645,2.060517389593473,-1.6297771811111068
