cluster_id,stable_run_count,total_duration_minutes,mean_speed,mean_load,mean_pressure,mean_front_temp,mean_rear_temp,mean_temperature_spread
1,2,7400.65,96.18464513531043,62.89511795270353,382.8312270331246,173.79627746916321,174.68602455186476,7.3794148985477435
2,4,5466.433333333333,106.24153311721831,69.45761636869682,390.3380260896027,173.00382738073864,174.86288097014668,7.510864981045996
3,2,5187.283333333334,109.49480782723901,71.54837900316622,376.5790459997253,173.97036448575824,174.66229781521747,7.370734793681319
4,4,1405.8666666666666,110.62581736995494,72.31821128310591,365.89097695478154,172.98403948973345,174.8382805700194,7.475548152458489
5,1,34.016666666666666,118.46857117142858,77.39714268,377.7171421714286,172.9474285885714,174.83761944761903,7.917145171428574
